{"Indoor": -347.02044699999999, "Outdoor": 67.476226999999994, "Return": 154.53268399999999}
{"Circulation": 120.516006, "Supply": 127.401276}
{"Indoor": -347.02044699999999, "Outdoor": 67.433929000000006, "Return": 154.53268399999999}
{"Circulation": 120.516006, "Supply": 127.401276}
{"Indoor": -347.02044699999999, "Outdoor": 67.433929000000006, "Return": 154.51795999999999}
{"Circulation": 120.544449, "Supply": 127.43555499999999}
{"Indoor": -347.02044699999999, "Outdoor": 67.476226999999994, "Return": 154.48852500000001}
{"Circulation": 120.516006, "Supply": 127.401276}
{"Indoor": -347.02044699999999, "Outdoor": 67.433929000000006, "Return": 154.47380100000001}
{"Indoor": -347.02044699999999, "Outdoor": 67.433929000000006, "Return": 154.444366}
{"Circulation": 120.544449, "Supply": 127.401276}
{"Indoor": -347.02044699999999, "Outdoor": 67.433929000000006, "Return": 154.48852500000001}
{"Circulation": 120.544449, "Supply": 127.401276}
{"Indoor": -347.02044699999999, "Outdoor": 67.433929000000006, "Return": 154.414917}
{"Circulation": 120.544449, "Supply": 127.401276}
{"Indoor": -347.02044699999999, "Outdoor": 67.433929000000006, "Return": 154.429642}
{"Circulation": 120.544449, "Supply": 127.36700399999999}